URLS,Phone Numbers
https://www.google.com/search?sxsrf=ALeKk008y1fQ_Z4HyRdglbXBUAOFnEADYw%3A1609405053715&ei=fZLtX_iaK6GsrgTM-LCgAw&q=doctors+%2B+USA+%2B+email%40gmail.com&oq=doctors+%2B+USA+%2B+email%40gmail.com&gs_lcp=CgZwc3ktYWIQA1DQ0uICWPHf4gJgtePiAmgDcAB4AIAB0wGIAacLkgEFMC45LjGYAQCgAQGqAQdnd3Mtd2l6wAEB&sclient=psy-ab&ved=0ahUKEwi4zZqE7fftAhUhlosKHUw8DDQQ4dUDCA0&uact=5,(212) 628-3300
https://www.google.com/search?sxsrf=ALeKk02hOcizoFUCM-zm8_LFGa2EL36Y4A%3A1609410868521&ei=NKntX8yUH6X2qwGZwaG4Cw&q=devops+%2B+USA+%2B+email%40gmail.com&oq=devops+%2B+USA+%2B+email%40gmail.com&gs_lcp=CgZwc3ktYWIQA1CciwFY7pMBYLqVAWgAcAB4AIABtQGIAaoGkgEDMC42mAEAoAEBqgEHZ3dzLXdpesABAQ&sclient=psy-ab&ved=0ahUKEwjM_vXYgvjtAhUl-yoKHZlgCLcQ4dUDCA0&uact=5,(212) 749-0600
"https://www.google.com/search?q=""""&num=100",(205) 810-0844
,(206) 626-5400
,(310)-844-6589
,(310)-844-6589
,505-455-2176
,1609405053715
,1609410868521
